    50.000,    10.000,     2.000,     2.000,     2.000,    -3.000,     1.000,   190.000,   100.000,    74.000,    39.071,    41.738,    32.226,    33.775,    35.546,    39.620,    37.118,    41.842,    39.925,    42.639
    50.000,    10.000,     2.000,     2.000,     2.000,    -3.000,     1.000,   200.000,   100.000,    74.000,    37.680,    39.452,    37.463,    30.887,    37.774,    33.769,    35.932,    30.992,    38.688,    29.880
    50.000,    10.000,     2.000,     2.000,     2.000,    -3.000,     1.000,   210.000,   100.000,    74.000,    31.634,    29.989,    28.518,    45.346,    35.502,    38.490,    34.379,    35.109,    34.193,    47.813
    50.000,    10.000,     2.500,     2.000,     2.000,    -3.000,     1.000,   190.000,   100.000,    74.000,    56.691,    49.517,    50.877,    49.758,    38.676,    51.556,    50.705,    43.718,    49.547,    45.936
    50.000,    10.000,     2.500,     2.000,     2.000,    -3.000,     1.000,   200.000,   100.000,    74.000,    41.783,    49.182,    52.830,    38.502,    50.481,    47.128,    45.319,    41.177,    42.523,    47.835
    50.000,    10.000,     2.500,     2.000,     2.000,    -3.000,     1.000,   210.000,   100.000,    74.000,    48.027,    47.537,    48.672,    38.668,    51.640,    45.292,    47.650,    51.423,    43.719,    45.847
    50.000,    10.000,     3.000,     2.000,     2.000,    -3.000,     1.000,   190.000,   100.000,    74.000,    60.754,    60.299,    61.218,    63.704,    71.677,    62.824,    68.844,    69.466,    65.935,    58.327
    50.000,    10.000,     3.000,     2.000,     2.000,    -3.000,     1.000,   200.000,   100.000,    74.000,    69.597,    49.093,    55.860,    57.639,    65.261,    55.902,    57.914,    61.667,    67.169,    66.629
    50.000,    10.000,     3.000,     2.000,     2.000,    -3.000,     1.000,   210.000,   100.000,    74.000,    59.232,    62.696,    60.837,    68.429,    58.506,    60.958,    57.163,    61.711,    61.246,    61.019
    50.000,    10.000,     3.500,     2.000,     2.000,    -3.000,     1.000,   190.000,   100.000,    74.000,    76.171,    73.329,    74.645,    73.603,    69.201,    74.128,    78.480,    79.998,    76.633,    82.031
    50.000,    10.000,     3.500,     2.000,     2.000,    -3.000,     1.000,   200.000,   100.000,    74.000,    73.575,    79.638,    76.234,    73.574,    68.563,    68.324,    74.808,    75.574,    69.876,    69.395
    50.000,    10.000,     3.500,     2.000,     2.000,    -3.000,     1.000,   210.000,   100.000,    74.000,    74.006,    70.920,    77.672,    72.965,    72.019,    74.178,    72.836,    75.574,    74.847,    85.442
    50.000,    10.000,     4.000,     2.000,     2.000,    -3.000,     1.000,   190.000,   100.000,    74.000,    85.081,    80.533,    84.363,    79.255,    77.688,    87.280,    81.318,    88.869,    79.526,    84.323
    50.000,    10.000,     4.000,     2.000,     2.000,    -3.000,     1.000,   200.000,   100.000,    74.000,    83.559,    86.291,    79.962,    82.834,    85.407,    81.868,    82.053,    84.158,    81.384,    77.382
    50.000,    10.000,     4.000,     2.000,     2.000,    -3.000,     1.000,   210.000,   100.000,    74.000,    80.954,    76.612,    79.088,    83.404,    84.945,    86.138,    85.182,    81.566,    80.387,    80.576
    50.000,    10.000,     2.000,     2.000,     2.000,    -2.500,     1.000,   190.000,   100.000,    74.000,    35.396,    37.523,    36.136,    30.987,    40.521,    29.602,    33.670,    36.073,    38.967,    35.077
    50.000,    10.000,     2.000,     2.000,     2.000,    -2.500,     1.000,   200.000,   100.000,    74.000,    34.129,    37.119,    38.945,    36.162,    30.936,    33.495,    31.243,    40.715,    41.510,    39.347
    50.000,    10.000,     2.000,     2.000,     2.000,    -2.500,     1.000,   210.000,   100.000,    74.000,    41.754,    38.272,    35.367,    30.268,    31.109,    32.041,    29.776,    27.579,    48.097,    31.084
    50.000,    10.000,     2.500,     2.000,     2.000,    -2.500,     1.000,   190.000,   100.000,    74.000,    43.960,    54.686,    51.618,    54.710,    55.161,    55.397,    49.093,    48.724,    50.591,    44.663
    50.000,    10.000,     2.500,     2.000,     2.000,    -2.500,     1.000,   200.000,   100.000,    74.000,    54.078,    50.437,    47.428,    46.242,    48.710,    45.156,    42.408,    29.949,    57.631,    44.552
    50.000,    10.000,     2.500,     2.000,     2.000,    -2.500,     1.000,   210.000,   100.000,    74.000,    47.242,    60.895,    47.561,    46.374,    57.409,    51.575,    51.769,    44.196,    54.922,    42.930
    50.000,    10.000,     3.000,     2.000,     2.000,    -2.500,     1.000,   190.000,   100.000,    74.000,    67.956,    60.174,    62.756,    64.593,    72.192,    61.848,    66.683,    71.427,    65.378,    61.704
    50.000,    10.000,     3.000,     2.000,     2.000,    -2.500,     1.000,   200.000,   100.000,    74.000,    65.619,    68.005,    66.682,    54.075,    68.281,    65.385,    65.063,    65.648,    66.869,    55.023
    50.000,    10.000,     3.000,     2.000,     2.000,    -2.500,     1.000,   210.000,   100.000,    74.000,    57.289,    54.759,    63.397,    67.991,    56.426,    66.385,    57.464,    65.049,    62.301,    66.472
    50.000,    10.000,     3.500,     2.000,     2.000,    -2.500,     1.000,   190.000,   100.000,    74.000,    79.067,    65.953,    78.355,    82.475,    74.315,    81.993,    78.763,    73.680,    73.559,    75.723
    50.000,    10.000,     3.500,     2.000,     2.000,    -2.500,     1.000,   200.000,   100.000,    74.000,    75.887,    67.771,    75.991,    81.941,    70.904,    69.604,    73.474,    80.857,    72.458,    74.372
    50.000,    10.000,     3.500,     2.000,     2.000,    -2.500,     1.000,   210.000,   100.000,    74.000,    75.494,    71.643,    70.321,    73.296,    68.583,    72.638,    64.777,    70.990,    63.333,    83.179
    50.000,    10.000,     4.000,     2.000,     2.000,    -2.500,     1.000,   190.000,   100.000,    74.000,    85.279,    81.054,    83.312,    83.873,    83.894,    81.070,    90.374,    81.237,    91.112,    82.230
    50.000,    10.000,     4.000,     2.000,     2.000,    -2.500,     1.000,   200.000,   100.000,    74.000,    85.733,    83.405,    87.283,    86.178,    85.745,    86.743,    84.546,    84.490,    81.162,    83.010
    50.000,    10.000,     4.000,     2.000,     2.000,    -2.500,     1.000,   210.000,   100.000,    74.000,    87.341,    83.298,    78.486,    85.114,    80.038,    80.409,    85.158,    76.369,    83.806,    86.307
    50.000,    10.000,     2.000,     2.000,     2.000,    -2.000,     1.000,   190.000,   100.000,    74.000,    46.647,    35.293,    36.714,    35.183,    44.940,    40.806,    43.279,    30.039,    30.412,    44.038
    50.000,    10.000,     2.000,     2.000,     2.000,    -2.000,     1.000,   200.000,   100.000,    74.000,    37.750,    42.945,    27.191,    34.537,    31.642,    32.388,    27.590,    45.232,    32.891,    44.186
    50.000,    10.000,     2.000,     2.000,     2.000,    -2.000,     1.000,   210.000,   100.000,    74.000,    37.048,    39.863,    42.538,    34.878,    36.871,    37.843,    37.049,    33.629,    31.769,    35.199
    50.000,    10.000,     2.500,     2.000,     2.000,    -2.000,     1.000,   190.000,   100.000,    74.000,    56.280,    52.138,    42.865,    51.052,    48.514,    54.277,    40.723,    44.402,    51.264,    58.340
    50.000,    10.000,     2.500,     2.000,     2.000,    -2.000,     1.000,   200.000,   100.000,    74.000,    50.196,    45.864,    55.617,    44.751,    53.512,    49.735,    47.344,    56.358,    48.591,    49.320
    50.000,    10.000,     2.500,     2.000,     2.000,    -2.000,     1.000,   210.000,   100.000,    74.000,    48.098,    47.345,    52.400,    48.844,    48.766,    45.327,    54.708,    52.012,    52.402,    50.623
    50.000,    10.000,     3.000,     2.000,     2.000,    -2.000,     1.000,   190.000,   100.000,    74.000,    58.815,    65.129,    66.894,    68.031,    65.572,    62.837,    63.151,    60.260,    58.477,    68.220
    50.000,    10.000,     3.000,     2.000,     2.000,    -2.000,     1.000,   200.000,   100.000,    74.000,    71.753,    62.189,    50.728,    59.432,    63.574,    60.358,    69.129,    67.135,    63.708,    65.167
    50.000,    10.000,     3.000,     2.000,     2.000,    -2.000,     1.000,   210.000,   100.000,    74.000,    63.791,    71.588,    63.215,    59.029,    65.758,    65.584,    59.978,    56.981,    65.527,    74.880
    50.000,    10.000,     3.500,     2.000,     2.000,    -2.000,     1.000,   190.000,   100.000,    74.000,    80.120,    80.774,    80.417,    72.546,    80.410,    82.441,    66.683,    75.959,    74.926,    78.274
    50.000,    10.000,     3.500,     2.000,     2.000,    -2.000,     1.000,   200.000,   100.000,    74.000,    77.281,    77.300,    70.236,    78.291,    80.272,    77.509,    72.452,    73.911,    77.402,    74.771
    50.000,    10.000,     3.500,     2.000,     2.000,    -2.000,     1.000,   210.000,   100.000,    74.000,    85.038,    75.944,    77.396,    72.955,    73.010,    75.871,    71.864,    73.661,    78.304,    77.121
    50.000,    10.000,     4.000,     2.000,     2.000,    -2.000,     1.000,   190.000,   100.000,    74.000,    85.101,    88.046,    85.710,    85.873,    83.013,    84.571,    80.908,    82.825,    81.067,    83.166
    50.000,    10.000,     4.000,     2.000,     2.000,    -2.000,     1.000,   200.000,   100.000,    74.000,    82.956,    80.639,    84.307,    88.553,    81.574,    81.582,    79.962,    84.964,    84.282,    78.901
    50.000,    10.000,     4.000,     2.000,     2.000,    -2.000,     1.000,   210.000,   100.000,    74.000,    84.689,    88.877,    83.372,    81.211,    82.201,    87.870,    81.784,    85.807,    83.174,    86.050
    50.000,    10.000,     2.000,     2.000,     2.000,    -1.500,     1.000,   190.000,   100.000,    74.000,    36.359,    47.179,    38.947,    38.128,    35.878,    38.548,    38.376,    42.866,    34.371,    38.743
    50.000,    10.000,     2.000,     2.000,     2.000,    -1.500,     1.000,   200.000,   100.000,    74.000,    39.327,    44.218,    34.853,    38.724,    36.298,    42.830,    33.386,    36.827,    43.766,    27.426
    50.000,    10.000,     2.000,     2.000,     2.000,    -1.500,     1.000,   210.000,   100.000,    74.000,    23.990,    35.179,    41.477,    36.725,    43.645,    41.812,    43.958,    44.594,    37.013,    43.202
    50.000,    10.000,     2.500,     2.000,     2.000,    -1.500,     1.000,   190.000,   100.000,    74.000,    49.716,    47.950,    55.549,    54.125,    50.188,    51.042,    50.111,    53.996,    44.823,    59.280
    50.000,    10.000,     2.500,     2.000,     2.000,    -1.500,     1.000,   200.000,   100.000,    74.000,    41.689,    54.446,    42.864,    48.711,    52.503,    50.099,    49.694,    47.083,    48.339,    51.842
    50.000,    10.000,     2.500,     2.000,     2.000,    -1.500,     1.000,   210.000,   100.000,    74.000,    47.842,    52.596,    51.532,    50.870,    44.679,    54.096,    44.187,    51.701,    53.699,    56.289
    50.000,    10.000,     3.000,     2.000,     2.000,    -1.500,     1.000,   190.000,   100.000,    74.000,    73.130,    64.860,    65.829,    59.338,    65.723,    63.276,    69.659,    65.667,    57.616,    48.671
    50.000,    10.000,     3.000,     2.000,     2.000,    -1.500,     1.000,   200.000,   100.000,    74.000,    62.878,    66.672,    63.371,    68.005,    60.310,    69.060,    67.537,    58.794,    61.500,    72.336
    50.000,    10.000,     3.000,     2.000,     2.000,    -1.500,     1.000,   210.000,   100.000,    74.000,    64.298,    55.601,    67.207,    67.327,    64.650,    71.216,    66.782,    66.285,    59.497,    58.029
    50.000,    10.000,     3.500,     2.000,     2.000,    -1.500,     1.000,   190.000,   100.000,    74.000,    75.032,    80.577,    74.701,    74.950,    73.549,    74.971,    78.887,    71.230,    74.896,    79.127
    50.000,    10.000,     3.500,     2.000,     2.000,    -1.500,     1.000,   200.000,   100.000,    74.000,    78.182,    74.657,    75.157,    68.418,    78.925,    81.557,    77.024,    74.544,    72.965,    76.587
    50.000,    10.000,     3.500,     2.000,     2.000,    -1.500,     1.000,   210.000,   100.000,    74.000,    74.641,    77.026,    78.250,    72.875,    77.606,    74.411,    77.752,    76.312,    76.389,    72.855
    50.000,    10.000,     4.000,     2.000,     2.000,    -1.500,     1.000,   190.000,   100.000,    74.000,    83.477,    84.023,    83.562,    84.027,    85.484,    81.354,    83.371,    91.210,    84.146,    85.323
    50.000,    10.000,     4.000,     2.000,     2.000,    -1.500,     1.000,   200.000,   100.000,    74.000,    87.539,    83.551,    83.133,    82.809,    80.412,    81.982,    85.265,    82.864,    81.599,    82.776
    50.000,    10.000,     4.000,     2.000,     2.000,    -1.500,     1.000,   210.000,   100.000,    74.000,    83.606,    86.323,    76.322,    79.651,    82.242,    83.679,    86.736,    82.852,    84.533,    86.215
    50.000,    10.000,     2.000,     2.000,     2.000,    -1.000,     1.000,   190.000,   100.000,    74.000,    30.414,    32.437,    51.625,    48.153,    37.022,    44.660,    38.086,    36.706,    42.848,    42.727
    50.000,    10.000,     2.000,     2.000,     2.000,    -1.000,     1.000,   200.000,   100.000,    74.000,    34.731,    41.073,    37.307,    39.499,    43.028,    30.801,    39.816,    41.968,    40.833,    37.607
    50.000,    10.000,     2.000,     2.000,     2.000,    -1.000,     1.000,   210.000,   100.000,    74.000,    36.853,    31.186,    32.693,    35.884,    43.156,    40.912,    40.591,    35.351,    33.224,    38.871
    50.000,    10.000,     2.500,     2.000,     2.000,    -1.000,     1.000,   190.000,   100.000,    74.000,    41.735,    50.445,    39.565,    61.216,    50.657,    56.746,    46.990,    52.151,    49.801,    50.649
    50.000,    10.000,     2.500,     2.000,     2.000,    -1.000,     1.000,   200.000,   100.000,    74.000,    52.455,    49.378,    54.759,    52.316,    57.604,    49.701,    56.377,    51.228,    56.274,    54.742
    50.000,    10.000,     2.500,     2.000,     2.000,    -1.000,     1.000,   210.000,   100.000,    74.000,    43.021,    47.996,    56.902,    59.079,    55.349,    44.063,    53.260,    46.775,    51.589,    48.604
    50.000,    10.000,     3.000,     2.000,     2.000,    -1.000,     1.000,   190.000,   100.000,    74.000,    69.091,    72.533,    60.997,    59.573,    71.158,    69.667,    60.416,    66.454,    65.249,    66.084
    50.000,    10.000,     3.000,     2.000,     2.000,    -1.000,     1.000,   200.000,   100.000,    74.000,    68.499,    65.116,    69.697,    63.247,    64.353,    58.198,    71.007,    69.823,    70.972,    61.728
    50.000,    10.000,     3.000,     2.000,     2.000,    -1.000,     1.000,   210.000,   100.000,    74.000,    62.249,    64.990,    58.402,    65.212,    60.483,    63.827,    63.312,    68.862,    62.201,    62.369
    50.000,    10.000,     3.500,     2.000,     2.000,    -1.000,     1.000,   190.000,   100.000,    74.000,    67.050,    75.855,    79.545,    80.109,    80.131,    76.681,    78.963,    81.760,    77.646,    77.613
    50.000,    10.000,     3.500,     2.000,     2.000,    -1.000,     1.000,   200.000,   100.000,    74.000,    82.298,    82.348,    72.730,    76.893,    74.633,    83.614,    75.227,    79.741,    75.129,    70.641
    50.000,    10.000,     3.500,     2.000,     2.000,    -1.000,     1.000,   210.000,   100.000,    74.000,    77.589,    70.876,    79.477,    73.655,    74.683,    75.515,    68.641,    73.509,    75.434,    77.779
    50.000,    10.000,     4.000,     2.000,     2.000,    -1.000,     1.000,   190.000,   100.000,    74.000,    85.041,    92.327,    85.657,    90.267,    83.959,    89.635,    81.335,    89.281,    87.951,    85.945
    50.000,    10.000,     4.000,     2.000,     2.000,    -1.000,     1.000,   200.000,   100.000,    74.000,    78.224,    87.318,    85.064,    86.052,    78.435,    88.129,    86.279,    84.815,    83.209,    82.283
    50.000,    10.000,     4.000,     2.000,     2.000,    -1.000,     1.000,   210.000,   100.000,    74.000,    82.331,    84.945,    83.839,    80.091,    86.646,    81.937,    82.401,    86.817,    83.974,    86.056
    50.000,    10.000,     2.000,     2.000,     2.000,    -0.500,     1.000,   190.000,   100.000,    74.000,    31.370,    38.261,    36.930,    44.957,    33.613,    33.347,    33.261,    39.863,    27.290,    46.740
    50.000,    10.000,     2.000,     2.000,     2.000,    -0.500,     1.000,   200.000,   100.000,    74.000,    41.484,    34.203,    41.122,    40.354,    37.754,    33.024,    40.487,    46.659,    34.696,    41.238
    50.000,    10.000,     2.000,     2.000,     2.000,    -0.500,     1.000,   210.000,   100.000,    74.000,    39.848,    35.617,    34.039,    44.800,    33.815,    34.537,    36.011,    31.488,    43.187,    51.781
    50.000,    10.000,     2.500,     2.000,     2.000,    -0.500,     1.000,   190.000,   100.000,    74.000,    55.692,    46.016,    52.196,    51.076,    53.794,    51.384,    52.166,    60.508,    49.448,    43.175
    50.000,    10.000,     2.500,     2.000,     2.000,    -0.500,     1.000,   200.000,   100.000,    74.000,    53.947,    46.024,    42.788,    46.246,    49.998,    49.141,    55.797,    49.095,    46.602,    49.567
    50.000,    10.000,     2.500,     2.000,     2.000,    -0.500,     1.000,   210.000,   100.000,    74.000,    43.935,    57.076,    47.056,    61.715,    59.387,    56.264,    51.783,    54.756,    48.860,    42.620
    50.000,    10.000,     3.000,     2.000,     2.000,    -0.500,     1.000,   190.000,   100.000,    74.000,    76.187,    64.754,    70.812,    66.279,    65.955,    72.372,    68.057,    71.205,    72.712,    60.559
    50.000,    10.000,     3.000,     2.000,     2.000,    -0.500,     1.000,   200.000,   100.000,    74.000,    59.116,    65.486,    64.770,    70.892,    73.195,    67.511,    65.199,    70.015,    63.346,    69.893
    50.000,    10.000,     3.000,     2.000,     2.000,    -0.500,     1.000,   210.000,   100.000,    74.000,    68.548,    65.473,    65.825,    68.961,    70.031,    70.251,    66.547,    75.622,    68.804,    69.655
    50.000,    10.000,     3.500,     2.000,     2.000,    -0.500,     1.000,   190.000,   100.000,    74.000,    77.408,    76.943,    75.529,    81.386,    75.574,    80.325,    76.479,    77.688,    75.299,    74.478
    50.000,    10.000,     3.500,     2.000,     2.000,    -0.500,     1.000,   200.000,   100.000,    74.000,    78.182,    72.263,    76.824,    80.676,    76.818,    79.782,    73.670,    76.056,    82.953,    73.727
    50.000,    10.000,     3.500,     2.000,     2.000,    -0.500,     1.000,   210.000,   100.000,    74.000,    78.615,    77.233,    70.387,    72.778,    78.920,    75.562,    74.344,    78.339,    74.540,    81.674
    50.000,    10.000,     4.000,     2.000,     2.000,    -0.500,     1.000,   190.000,   100.000,    74.000,    90.881,    87.251,    84.989,    87.091,    86.512,    89.871,    81.821,    89.291,    90.129,    88.760
    50.000,    10.000,     4.000,     2.000,     2.000,    -0.500,     1.000,   200.000,   100.000,    74.000,    87.347,    85.074,    90.096,    86.499,    90.006,    82.179,    84.312,    89.317,    84.124,    83.559
    50.000,    10.000,     4.000,     2.000,     2.000,    -0.500,     1.000,   210.000,   100.000,    74.000,    80.527,    81.747,    87.321,    84.770,    83.707,    89.005,    87.598,    82.104,    78.573,    85.529
    50.000,    10.000,     2.000,     2.000,     2.000,     0.000,     1.000,   190.000,   100.000,    74.000,    44.194,    43.108,    47.018,    38.180,    40.810,    45.000,    27.363,    28.525,    34.333,    45.040
    50.000,    10.000,     2.000,     2.000,     2.000,     0.000,     1.000,   200.000,   100.000,    74.000,    41.838,    45.605,    39.443,    32.908,    39.889,    32.277,    38.622,    50.365,    37.526,    37.604
    50.000,    10.000,     2.000,     2.000,     2.000,     0.000,     1.000,   210.000,   100.000,    74.000,    42.535,    35.813,    28.853,    45.824,    33.126,    39.252,    38.623,    39.571,    36.522,    38.188
    50.000,    10.000,     2.500,     2.000,     2.000,     0.000,     1.000,   190.000,   100.000,    74.000,    59.697,    52.733,    49.893,    57.192,    60.735,    58.387,    49.924,    46.897,    61.265,    57.101
    50.000,    10.000,     2.500,     2.000,     2.000,     0.000,     1.000,   200.000,   100.000,    74.000,    56.039,    43.577,    63.607,    46.958,    62.003,    50.682,    52.359,    59.517,    53.912,    53.501
    50.000,    10.000,     2.500,     2.000,     2.000,     0.000,     1.000,   210.000,   100.000,    74.000,    52.854,    56.942,    59.010,    51.433,    59.043,    42.293,    51.889,    52.926,    47.425,    50.645
    50.000,    10.000,     3.000,     2.000,     2.000,     0.000,     1.000,   190.000,   100.000,    74.000,    66.417,    66.197,    69.354,    66.300,    74.385,    65.581,    65.319,    66.867,    62.661,    70.676
    50.000,    10.000,     3.000,     2.000,     2.000,     0.000,     1.000,   200.000,   100.000,    74.000,    65.156,    62.734,    61.448,    69.531,    62.367,    69.708,    67.279,    67.584,    64.437,    64.235
    50.000,    10.000,     3.000,     2.000,     2.000,     0.000,     1.000,   210.000,   100.000,    74.000,    68.842,    72.010,    72.852,    64.884,    53.941,    61.639,    74.062,    61.038,    61.567,    63.608
    50.000,    10.000,     3.500,     2.000,     2.000,     0.000,     1.000,   190.000,   100.000,    74.000,    75.234,    71.879,    82.269,    81.068,    77.456,    83.559,    75.372,    77.745,    75.719,    79.104
    50.000,    10.000,     3.500,     2.000,     2.000,     0.000,     1.000,   200.000,   100.000,    74.000,    76.653,    76.938,    79.901,    76.087,    82.392,    79.275,    84.572,    77.511,    77.570,    71.823
    50.000,    10.000,     3.500,     2.000,     2.000,     0.000,     1.000,   210.000,   100.000,    74.000,    80.701,    70.073,    81.065,    78.910,    79.796,    79.110,    78.748,    78.759,    76.358,    75.817
    50.000,    10.000,     4.000,     2.000,     2.000,     0.000,     1.000,   190.000,   100.000,    74.000,    86.360,    86.007,    89.276,    84.120,    89.184,    88.003,    84.440,    86.424,    89.250,    90.495
    50.000,    10.000,     4.000,     2.000,     2.000,     0.000,     1.000,   200.000,   100.000,    74.000,    81.551,    88.841,    86.786,    84.280,    87.650,    81.889,    89.172,    83.805,    86.841,    83.046
    50.000,    10.000,     4.000,     2.000,     2.000,     0.000,     1.000,   210.000,   100.000,    74.000,    81.627,    83.296,    87.244,    88.640,    82.279,    86.718,    82.331,    81.692,    80.978,    82.745
    50.000,    10.000,     2.000,     2.000,     2.000,     0.500,     1.000,   190.000,   100.000,    74.000,    50.466,    46.244,    40.311,    37.107,    39.807,    46.185,    42.298,    47.219,    40.822,    43.699
    50.000,    10.000,     2.000,     2.000,     2.000,     0.500,     1.000,   200.000,   100.000,    74.000,    42.623,    40.886,    43.868,    48.813,    39.132,    41.933,    43.102,    39.726,    39.415,    31.593
    50.000,    10.000,     2.000,     2.000,     2.000,     0.500,     1.000,   210.000,   100.000,    74.000,    35.091,    33.417,    36.353,    39.994,    44.049,    45.746,    38.697,    44.353,    37.111,    50.033
    50.000,    10.000,     2.500,     2.000,     2.000,     0.500,     1.000,   190.000,   100.000,    74.000,    53.914,    52.487,    63.218,    46.359,    51.579,    56.580,    57.856,    59.306,    60.936,    61.330
    50.000,    10.000,     2.500,     2.000,     2.000,     0.500,     1.000,   200.000,   100.000,    74.000,    56.503,    44.132,    49.849,    60.005,    51.888,    50.791,    51.425,    59.996,    53.531,    64.460
    50.000,    10.000,     2.500,     2.000,     2.000,     0.500,     1.000,   210.000,   100.000,    74.000,    60.506,    51.328,    44.812,    57.644,    51.305,    50.493,    45.417,    51.031,    58.822,    49.931
    50.000,    10.000,     3.000,     2.000,     2.000,     0.500,     1.000,   190.000,   100.000,    74.000,    69.026,    67.569,    65.421,    63.918,    68.587,    71.938,    68.218,    71.168,    74.856,    64.737
    50.000,    10.000,     3.000,     2.000,     2.000,     0.500,     1.000,   200.000,   100.000,    74.000,    70.968,    71.898,    73.774,    70.298,    66.121,    63.993,    62.009,    61.860,    62.729,    74.636
    50.000,    10.000,     3.000,     2.000,     2.000,     0.500,     1.000,   210.000,   100.000,    74.000,    62.506,    67.205,    58.815,    73.643,    66.284,    69.821,    71.570,    67.803,    77.869,    66.806
    50.000,    10.000,     3.500,     2.000,     2.000,     0.500,     1.000,   190.000,   100.000,    74.000,    85.486,    75.103,    76.930,    74.762,    71.828,    79.554,    81.044,    81.612,    81.094,    76.994
    50.000,    10.000,     3.500,     2.000,     2.000,     0.500,     1.000,   200.000,   100.000,    74.000,    86.948,    79.421,    78.004,    79.651,    69.366,    76.788,    78.953,    78.354,    72.493,    69.170
    50.000,    10.000,     3.500,     2.000,     2.000,     0.500,     1.000,   210.000,   100.000,    74.000,    82.120,    75.894,    77.812,    82.503,    79.665,    81.436,    73.633,    75.395,    78.321,    73.985
    50.000,    10.000,     4.000,     2.000,     2.000,     0.500,     1.000,   190.000,   100.000,    74.000,    88.856,    89.153,    86.637,    85.876,    85.216,    86.804,    87.583,    91.433,    88.636,    90.375
    50.000,    10.000,     4.000,     2.000,     2.000,     0.500,     1.000,   200.000,   100.000,    74.000,    82.918,    87.683,    86.522,    85.116,    89.005,    79.637,    84.897,    83.800,    81.616,    86.466
    50.000,    10.000,     4.000,     2.000,     2.000,     0.500,     1.000,   210.000,   100.000,    74.000,    77.241,    85.503,    87.099,    85.528,    86.515,    81.897,    85.892,    86.246,    89.739,    85.681
    50.000,    10.000,     2.000,     2.000,     2.000,     1.000,     1.000,   190.000,   100.000,    74.000,    47.023,    42.632,    33.275,    38.963,    40.809,    29.373,    43.263,    48.384,    51.419,    36.930
    50.000,    10.000,     2.000,     2.000,     2.000,     1.000,     1.000,   200.000,   100.000,    74.000,    42.853,    38.660,    39.142,    54.483,    50.304,    42.082,    45.812,    38.604,    41.446,    42.861
    50.000,    10.000,     2.000,     2.000,     2.000,     1.000,     1.000,   210.000,   100.000,    74.000,    42.853,    46.046,    51.235,    38.786,    41.704,    42.650,    37.335,    41.159,    36.147,    35.513
    50.000,    10.000,     2.500,     2.000,     2.000,     1.000,     1.000,   190.000,   100.000,    74.000,    60.034,    57.334,    53.576,    50.189,    52.143,    55.991,    63.124,    50.351,    54.326,    52.430
    50.000,    10.000,     2.500,     2.000,     2.000,     1.000,     1.000,   200.000,   100.000,    74.000,    53.081,    53.153,    56.656,    48.736,    57.315,    52.543,    58.417,    56.493,    57.448,    59.953
    50.000,    10.000,     2.500,     2.000,     2.000,     1.000,     1.000,   210.000,   100.000,    74.000,    55.329,    41.326,    51.949,    51.935,    52.785,    54.243,    54.414,    54.854,    55.093,    53.718
    50.000,    10.000,     3.000,     2.000,     2.000,     1.000,     1.000,   190.000,   100.000,    74.000,    60.879,    65.552,    73.185,    60.654,    65.922,    73.676,    57.594,    76.907,    67.219,    65.296
    50.000,    10.000,     3.000,     2.000,     2.000,     1.000,     1.000,   200.000,   100.000,    74.000,    59.851,    73.215,    60.232,    66.827,    66.574,    66.277,    68.909,    66.213,    72.817,    72.042
    50.000,    10.000,     3.000,     2.000,     2.000,     1.000,     1.000,   210.000,   100.000,    74.000,    66.652,    71.827,    63.380,    62.541,    69.084,    71.643,    67.486,    71.646,    60.064,    68.598
    50.000,    10.000,     3.500,     2.000,     2.000,     1.000,     1.000,   190.000,   100.000,    74.000,    80.627,    81.695,    75.322,    76.209,    75.403,    80.979,    73.450,    76.121,    74.198,    84.500
    50.000,    10.000,     3.500,     2.000,     2.000,     1.000,     1.000,   200.000,   100.000,    74.000,    78.928,    77.082,    78.841,    77.619,    79.192,    80.511,    76.850,    84.198,    78.506,    81.869
    50.000,    10.000,     3.500,     2.000,     2.000,     1.000,     1.000,   210.000,   100.000,    74.000,    72.697,    80.334,    75.688,    77.261,    79.581,    82.116,    81.686,    80.091,    74.847,    82.296
    50.000,    10.000,     4.000,     2.000,     2.000,     1.000,     1.000,   190.000,   100.000,    74.000,    88.533,    87.420,    87.983,    89.876,    84.573,    82.977,    88.746,    88.495,    83.921,    86.125
    50.000,    10.000,     4.000,     2.000,     2.000,     1.000,     1.000,   200.000,   100.000,    74.000,    84.435,    84.603,    91.661,    89.003,    81.529,    87.201,    89.825,    85.767,    86.041,    91.595
    50.000,    10.000,     4.000,     2.000,     2.000,     1.000,     1.000,   210.000,   100.000,    74.000,    88.484,    87.881,    89.999,    87.249,    83.602,    83.864,    87.978,    85.202,    88.263,    85.634
    50.000,    10.000,     2.000,     2.000,     2.000,     1.500,     1.000,   190.000,   100.000,    74.000,    43.449,    39.937,    34.386,    39.952,    50.316,    45.103,    39.326,    38.446,    48.675,    38.964
    50.000,    10.000,     2.000,     2.000,     2.000,     1.500,     1.000,   200.000,   100.000,    74.000,    37.414,    29.982,    43.460,    45.817,    38.906,    54.482,    38.335,    45.366,    42.820,    33.006
    50.000,    10.000,     2.000,     2.000,     2.000,     1.500,     1.000,   210.000,   100.000,    74.000,    42.445,    43.139,    34.723,    45.967,    46.030,    47.550,    44.510,    38.592,    31.344,    41.674
    50.000,    10.000,     2.500,     2.000,     2.000,     1.500,     1.000,   190.000,   100.000,    74.000,    64.157,    55.335,    59.172,    52.226,    53.344,    50.018,    50.872,    64.567,    61.911,    56.396
    50.000,    10.000,     2.500,     2.000,     2.000,     1.500,     1.000,   200.000,   100.000,    74.000,    64.662,    55.889,    53.360,    68.374,    56.005,    52.275,    67.880,    63.348,    52.867,    48.737
    50.000,    10.000,     2.500,     2.000,     2.000,     1.500,     1.000,   210.000,   100.000,    74.000,    46.736,    54.755,    59.176,    59.019,    60.241,    58.062,    47.122,    63.786,    50.615,    52.780
    50.000,    10.000,     3.000,     2.000,     2.000,     1.500,     1.000,   190.000,   100.000,    74.000,    64.678,    70.881,    68.467,    65.731,    73.267,    69.538,    69.913,    68.551,    73.563,    71.997
    50.000,    10.000,     3.000,     2.000,     2.000,     1.500,     1.000,   200.000,   100.000,    74.000,    68.483,    72.515,    64.058,    59.832,    69.976,    68.908,    72.582,    69.804,    70.117,    65.712
    50.000,    10.000,     3.000,     2.000,     2.000,     1.500,     1.000,   210.000,   100.000,    74.000,    65.427,    72.193,    71.624,    65.806,    68.963,    70.961,    68.735,    75.610,    66.105,    68.332
    50.000,    10.000,     3.500,     2.000,     2.000,     1.500,     1.000,   190.000,   100.000,    74.000,    77.037,    82.285,    73.466,    78.875,    77.362,    75.169,    82.256,    82.099,    77.832,    73.586
    50.000,    10.000,     3.500,     2.000,     2.000,     1.500,     1.000,   200.000,   100.000,    74.000,    79.629,    77.987,    76.778,    77.062,    76.613,    80.591,    76.889,    80.021,    76.546,    77.800
    50.000,    10.000,     3.500,     2.000,     2.000,     1.500,     1.000,   210.000,   100.000,    74.000,    80.745,    79.053,    79.503,    82.447,    82.730,    76.601,    83.349,    86.003,    81.883,    85.025
    50.000,    10.000,     4.000,     2.000,     2.000,     1.500,     1.000,   190.000,   100.000,    74.000,    88.024,    91.304,    87.316,    89.201,    86.908,    88.091,    90.374,    85.936,    84.094,    89.438
    50.000,    10.000,     4.000,     2.000,     2.000,     1.500,     1.000,   200.000,   100.000,    74.000,    86.495,    86.492,    84.994,    86.990,    88.868,    84.899,    90.223,    87.748,    90.287,    89.663
    50.000,    10.000,     4.000,     2.000,     2.000,     1.500,     1.000,   210.000,   100.000,    74.000,    83.964,    89.576,    85.436,    85.679,    85.901,    90.125,    86.858,    86.962,    86.757,    83.073
    50.000,    10.000,     2.000,     2.000,     2.000,     2.000,     1.000,   190.000,   100.000,    74.000,    46.970,    45.036,    52.701,    38.506,    44.272,    43.301,    43.069,    44.969,    42.090,    47.123
    50.000,    10.000,     2.000,     2.000,     2.000,     2.000,     1.000,   200.000,   100.000,    74.000,    53.262,    41.469,    36.871,    45.274,    47.863,    44.243,    38.508,    42.894,    32.193,    43.604
    50.000,    10.000,     2.000,     2.000,     2.000,     2.000,     1.000,   210.000,   100.000,    74.000,    31.356,    45.934,    36.320,    41.603,    43.081,    36.840,    38.647,    42.714,    35.705,    43.059
    50.000,    10.000,     2.500,     2.000,     2.000,     2.000,     1.000,   190.000,   100.000,    74.000,    64.426,    63.704,    52.689,    54.761,    63.297,    57.444,    65.550,    60.408,    51.508,    62.673
    50.000,    10.000,     2.500,     2.000,     2.000,     2.000,     1.000,   200.000,   100.000,    74.000,    58.092,    57.000,    61.059,    59.694,    60.183,    51.048,    62.719,    52.855,    55.593,    51.398
    50.000,    10.000,     2.500,     2.000,     2.000,     2.000,     1.000,   210.000,   100.000,    74.000,    64.352,    56.442,    50.603,    59.883,    53.810,    63.511,    45.859,    55.716,    55.302,    50.262
    50.000,    10.000,     3.000,     2.000,     2.000,     2.000,     1.000,   190.000,   100.000,    74.000,    66.647,    77.697,    66.640,    68.285,    72.910,    69.859,    69.086,    74.735,    68.597,    75.289
    50.000,    10.000,     3.000,     2.000,     2.000,     2.000,     1.000,   200.000,   100.000,    74.000,    75.828,    67.299,    71.777,    69.602,    68.021,    69.602,    62.270,    66.046,    68.929,    71.225
    50.000,    10.000,     3.000,     2.000,     2.000,     2.000,     1.000,   210.000,   100.000,    74.000,    72.880,    67.982,    65.797,    73.929,    71.444,    63.792,    70.709,    67.972,    71.609,    71.755
    50.000,    10.000,     3.500,     2.000,     2.000,     2.000,     1.000,   190.000,   100.000,    74.000,    77.957,    78.280,    75.472,    80.618,    79.151,    80.477,    84.378,    80.194,    80.959,    76.564
    50.000,    10.000,     3.500,     2.000,     2.000,     2.000,     1.000,   200.000,   100.000,    74.000,    87.896,    82.734,    85.945,    69.889,    79.298,    84.241,    85.234,    81.028,    82.838,    75.350
    50.000,    10.000,     3.500,     2.000,     2.000,     2.000,     1.000,   210.000,   100.000,    74.000,    68.996,    75.160,    84.599,    80.748,    75.655,    77.703,    78.961,    76.362,    82.446,    77.675
    50.000,    10.000,     4.000,     2.000,     2.000,     2.000,     1.000,   190.000,   100.000,    74.000,    89.673,    89.650,    93.097,    92.075,    90.339,    87.389,    90.438,    88.173,    89.093,    88.532
    50.000,    10.000,     4.000,     2.000,     2.000,     2.000,     1.000,   200.000,   100.000,    74.000,    83.552,    88.117,    91.306,    92.110,    89.484,    89.380,    88.305,    90.236,    83.601,    90.366
    50.000,    10.000,     4.000,     2.000,     2.000,     2.000,     1.000,   210.000,   100.000,    74.000,    88.231,    90.877,    87.831,    89.042,    86.151,    82.593,    84.716,    88.852,    86.175,    91.001
    50.000,    10.000,     2.000,     2.000,     2.000,     2.500,     1.000,   190.000,   100.000,    74.000,    54.685,    43.160,    41.619,    50.085,    38.145,    41.024,    52.101,    49.296,    35.405,    46.848
    50.000,    10.000,     2.000,     2.000,     2.000,     2.500,     1.000,   200.000,   100.000,    74.000,    47.033,    42.901,    46.156,    39.485,    42.348,    41.244,    38.903,    41.939,    44.091,    43.769
    50.000,    10.000,     2.000,     2.000,     2.000,     2.500,     1.000,   210.000,   100.000,    74.000,    37.455,    43.542,    38.726,    42.819,    45.247,    39.589,    41.890,    51.192,    40.432,    37.055
    50.000,    10.000,     2.500,     2.000,     2.000,     2.500,     1.000,   190.000,   100.000,    74.000,    54.489,    61.690,    59.873,    54.884,    62.602,    59.279,    49.075,    58.406,    63.637,    57.149
    50.000,    10.000,     2.500,     2.000,     2.000,     2.500,     1.000,   200.000,   100.000,    74.000,    56.763,    61.861,    66.811,    62.498,    54.066,    62.464,    55.015,    55.554,    49.779,    39.842
    50.000,    10.000,     2.500,     2.000,     2.000,     2.500,     1.000,   210.000,   100.000,    74.000,    58.863,    58.633,    51.325,    54.744,    60.105,    57.451,    61.527,    50.364,    56.033,    60.684
    50.000,    10.000,     3.000,     2.000,     2.000,     2.500,     1.000,   190.000,   100.000,    74.000,    74.342,    64.357,    74.411,    69.575,    67.807,    67.565,    70.617,    69.997,    72.225,    76.399
    50.000,    10.000,     3.000,     2.000,     2.000,     2.500,     1.000,   200.000,   100.000,    74.000,    72.951,    68.709,    74.472,    67.672,    69.124,    70.813,    66.261,    70.089,    70.061,    66.059
    50.000,    10.000,     3.000,     2.000,     2.000,     2.500,     1.000,   210.000,   100.000,    74.000,    67.731,    64.267,    73.146,    66.198,    73.853,    75.093,    68.929,    63.411,    62.982,    79.436
    50.000,    10.000,     3.500,     2.000,     2.000,     2.500,     1.000,   190.000,   100.000,    74.000,    85.350,    77.081,    78.552,    88.187,    79.354,    74.154,    76.429,    81.306,    79.444,    85.772
    50.000,    10.000,     3.500,     2.000,     2.000,     2.500,     1.000,   200.000,   100.000,    74.000,    81.580,    81.804,    86.868,    82.560,    82.156,    82.160,    81.615,    83.793,    81.795,    85.489
    50.000,    10.000,     3.500,     2.000,     2.000,     2.500,     1.000,   210.000,   100.000,    74.000,    82.092,    82.800,    75.019,    82.814,    78.210,    79.510,    79.954,    80.048,    80.483,    80.606
    50.000,    10.000,     4.000,     2.000,     2.000,     2.500,     1.000,   190.000,   100.000,    74.000,    89.878,    86.463,    85.524,    90.116,    84.121,    83.455,    92.942,    85.989,    86.258,    85.368
    50.000,    10.000,     4.000,     2.000,     2.000,     2.500,     1.000,   200.000,   100.000,    74.000,    87.188,    88.724,    90.354,    91.009,    88.997,    88.589,    86.325,    92.923,    88.565,    89.879
    50.000,    10.000,     4.000,     2.000,     2.000,     2.500,     1.000,   210.000,   100.000,    74.000,    86.686,    86.864,    90.934,    87.851,    87.322,    86.973,    85.165,    87.164,    88.948,    83.304
    50.000,    10.000,     2.000,     2.000,     2.000,     3.000,     1.000,   190.000,   100.000,    74.000,    43.945,    42.677,    49.356,    38.894,    38.117,    55.479,    33.918,    49.648,    41.062,    42.931
    50.000,    10.000,     2.000,     2.000,     2.000,     3.000,     1.000,   200.000,   100.000,    74.000,    45.565,    46.165,    37.777,    43.150,    47.478,    45.093,    45.193,    37.650,    56.698,    51.424
    50.000,    10.000,     2.000,     2.000,     2.000,     3.000,     1.000,   210.000,   100.000,    74.000,    43.271,    37.115,    42.691,    50.470,    55.703,    38.006,    51.620,    39.359,    46.742,    40.121
    50.000,    10.000,     2.500,     2.000,     2.000,     3.000,     1.000,   190.000,   100.000,    74.000,    60.098,    62.547,    52.651,    58.339,    62.182,    58.129,    61.929,    59.443,    57.801,    51.083
    50.000,    10.000,     2.500,     2.000,     2.000,     3.000,     1.000,   200.000,   100.000,    74.000,    52.662,    58.190,    58.855,    51.080,    56.844,    61.460,    51.114,    58.502,    56.952,    62.118
    50.000,    10.000,     2.500,     2.000,     2.000,     3.000,     1.000,   210.000,   100.000,    74.000,    64.565,    55.001,    62.479,    60.329,    48.546,    59.168,    56.376,    46.667,    60.300,    51.771
    50.000,    10.000,     3.000,     2.000,     2.000,     3.000,     1.000,   190.000,   100.000,    74.000,    68.400,    70.824,    74.940,    63.286,    68.172,    73.573,    70.528,    67.063,    74.620,    65.142
    50.000,    10.000,     3.000,     2.000,     2.000,     3.000,     1.000,   200.000,   100.000,    74.000,    73.241,    68.195,    69.196,    61.861,    75.839,    63.633,    71.677,    76.765,    72.825,    73.181
    50.000,    10.000,     3.000,     2.000,     2.000,     3.000,     1.000,   210.000,   100.000,    74.000,    70.645,    69.351,    70.349,    71.225,    71.111,    67.359,    72.484,    68.470,    67.259,    63.483
    50.000,    10.000,     3.500,     2.000,     2.000,     3.000,     1.000,   190.000,   100.000,    74.000,    84.402,    77.988,    82.387,    81.043,    85.790,    81.311,    82.186,    80.986,    80.558,    79.000
    50.000,    10.000,     3.500,     2.000,     2.000,     3.000,     1.000,   200.000,   100.000,    74.000,    83.507,    81.432,    83.045,    84.166,    87.982,    80.972,    78.166,    83.785,    77.315,    84.629
    50.000,    10.000,     3.500,     2.000,     2.000,     3.000,     1.000,   210.000,   100.000,    74.000,    80.154,    77.914,    88.316,    84.923,    73.050,    79.662,    83.117,    81.138,    83.625,    81.617
    50.000,    10.000,     4.000,     2.000,     2.000,     3.000,     1.000,   190.000,   100.000,    74.000,    89.001,    87.918,    88.926,    93.948,    84.058,    90.568,    88.118,    84.683,    90.269,    90.792
    50.000,    10.000,     4.000,     2.000,     2.000,     3.000,     1.000,   200.000,   100.000,    74.000,    89.556,    88.209,    93.803,    89.291,    90.711,    89.384,    86.493,    84.831,    85.046,    89.846
    50.000,    10.000,     4.000,     2.000,     2.000,     3.000,     1.000,   210.000,   100.000,    74.000,    89.849,    90.094,    91.198,    89.742,    92.187,    90.117,    86.949,    89.837,    92.438,    86.673
